fecha,region,producto,canal,unidades,precio,descuento,id_cliente,ingreso_bruto,ingreso_neto
2024-01-01,Norte,Sombreros,Online,35,248148.02866247238,0.1,127,8685181.003186533,7816662.90286788
2024-01-01,Oeste,Pantalones,Online,5,163769.44742411378,0.0,8,818847.2371205689,818847.2371205689
2024-01-02,Este,Sombreros,Online,37,157312.03887062942,0.0,90,5820545.438213289,5820545.438213289
2024-01-02,Sur,Zapatos,Online,6,222985.29775074936,0.0,142,1337911.7865044961,1337911.7865044961
2024-01-02,Sur,Zapatos,Tienda,3,249427.66212326576,0.05,99,748282.9863697973,710868.8370513073
2024-01-02,Oeste,Pantalones,Online,6,202012.82510002315,0.0,141,1212076.9506001389,1212076.9506001389
2024-01-03,Norte,Pantalones,Online,23,135680.33324581513,0.0,9,3120647.664653748,3120647.664653748
2024-01-03,Este,Zapatos,Distribuidor,31,131987.08168553363,0.0,80,4091599.5322515424,4091599.5322515424
2024-01-04,Norte,Zapatos,Online,20,128643.17989068794,0.0,118,2572863.597813759,2572863.597813759
2024-01-04,Norte,Sombreros,Online,6,111618.89435303095,0.0,97,669713.3661181857,669713.3661181857
2024-01-05,Este,Zapatos,Tienda,10,205474.26797235437,0.0,133,2054742.6797235436,2054742.6797235436
2024-01-05,Oeste,Pantalones,Online,42,256252.19608540126,0.0,70,10762592.235586854,10762592.235586854
2024-01-05,Este,Zapatos,Online,48,199329.21065375957,0.0,103,9567802.11138046,9567802.11138046
2024-01-06,Oeste,Zapatos,Online,37,86979.26213310738,0.05,63,3218232.6989249727,3057321.0639787237
2024-01-06,Este,Vestidos,Distribuidor,6,190461.97698327256,0.0,131,1142771.8618996353,1142771.8618996353
2024-01-07,Oeste,Zapatos,Online,41,191860.05016836963,0.05,18,7866262.056903155,7472948.954057996
2024-01-08,Este,Zapatos,Online,34,304799.937511272,0.0,39,10363197.875383247,10363197.875383247
2024-01-08,Norte,Zapatos,Online,26,127143.10435402219,0.0,15,3305720.7132045766,3305720.7132045766
2024-01-08,Oeste,Zapatos,Online,8,180466.11987004022,0.0,106,1443728.9589603217,1443728.9589603217
2024-01-08,Sur,Zapatos,Tienda,49,285292.6340272282,0.0,35,13979339.067334183,13979339.067334183
2024-01-09,Este,Zapatos,Online,22,222498.9170673274,0.0,48,4894976.175481203,4894976.175481203
2024-01-09,Sur,Zapatos,Tienda,3,228165.65367582123,0.1,126,684496.9610274637,616047.2649247174
2024-01-09,Norte,Zapatos,Tienda,11,205729.2218511939,0.0,55,2263021.440363133,2263021.440363133
2024-01-11,Oeste,Sombreros,Distribuidor,20,216497.17693286322,0.0,22,4329943.538657265,4329943.538657265
2024-01-12,Oeste,Sombreros,Online,4,238880.4765139268,0.0,4,955521.9060557073,955521.9060557073
2024-01-12,Este,Zapatos,Distribuidor,16,159525.6840553617,0.0,35,2552410.944885787,2552410.944885787
2024-01-13,Sur,Zapatos,Tienda,23,243902.92894541,0.0,138,5609767.365744431,5609767.365744431
2024-01-13,Oeste,,Online,47,131349.84915572306,0.0,83,6173442.910318984,6173442.910318984
2024-01-13,Este,Pantalones,Tienda,5,216418.3986415769,0.0,150,1082091.9932078845,1082091.9932078845
2024-01-14,Sur,Pantalones,Distribuidor,29,208937.04816431637,0.0,33,6059174.396765174,6059174.396765174
2024-01-14,Sur,Zapatos,Online,45,169185.3455903946,0.05,53,7613340.5515677575,7232673.523989369
2024-01-15,Norte,Zapatos,Distribuidor,40,198865.73623371767,0.1,25,7954629.449348707,7159166.504413837
2024-01-15,Norte,Zapatos,Online,46,168872.99236672235,0.0,60,7768157.648869228,7768157.648869228
2024-01-15,Este,Zapatos,Tienda,9,146414.9336569128,0.05,85,1317734.402912215,1251847.6827666042
2024-01-15,Oeste,Sombreros,Distribuidor,40,182319.26291931779,0.05,122,7292770.516772712,6928131.990934076
2024-01-15,Norte,Sombreros,Online,48,144800.56823141692,0.0,56,6950427.275108012,6950427.275108012
2024-01-15,Oeste,Zapatos,Distribuidor,16,216139.8732046624,0.05,116,3458237.9712745985,3285326.0727108684
2024-01-16,Oeste,Zapatos,Online,25,142495.72529238183,0.05,94,3562393.1323095458,3384273.4756940682
2024-01-17,Sur,Sombreros,Tienda,27,235598.85114955256,0.1,44,6361168.981037919,5725052.082934127
2024-01-17,Este,Zapatos,Tienda,25,140926.046603559,0.15,137,3523151.165088975,2994678.490325629
2024-01-18,Norte,Pantalones,Online,15,171685.2542209497,0.0,66,2575278.8133142455,2575278.8133142455
2024-01-18,Oeste,Zapatos,Online,48,168769.82958924104,0.0,23,8100951.820283569,8100951.820283569
2024-01-19,Este,Vestidos,Online,47,266257.3364437419,0.0,145,12514094.81285587,12514094.81285587
2024-01-20,Sur,Zapatos,Online,19,216514.4972808296,0.0,138,4113775.448335762,4113775.448335762
2024-01-21,Norte,,Online,40,189413.3098727803,0.0,8,7576532.394911211,7576532.394911211
2024-01-21,Oeste,Vestidos,Online,20,224935.97205348616,0.15,136,4498719.441069723,3823911.5249092644
2024-01-21,Sur,Vestidos,Online,39,94640.38263351559,0.0,143,3690974.922707108,3690974.922707108
2024-01-21,Oeste,Pantalones,Online,29,197843.32051795462,0.0,125,5737456.295020684,5737456.295020684
2024-01-21,Este,Pantalones,Tienda,24,299875.70889023814,0.1,39,7197017.013365716,6477315.312029145
2024-01-22,Oeste,Sombreros,Tienda,7,206617.32532013362,0.0,95,1446321.2772409352,1446321.2772409352
2024-01-22,Oeste,Pantalones,Tienda,33,203395.6584584668,0.0,81,6712056.729129404,6712056.729129404
2024-01-23,Norte,Zapatos,Online,16,227406.4189821098,0.15,94,3638502.703713757,3092727.2981566936
2024-01-24,Sur,Sombreros,Distribuidor,11,244780.2621657173,0.0,93,2692582.88382289,2692582.88382289
2024-01-24,Sur,Sombreros,Tienda,10,100126.66535550702,0.0,96,1001266.6535550703,1001266.6535550703
2024-01-24,Sur,Pantalones,Online,49,115883.67591044866,0.0,78,5678300.119611984,5678300.119611984
2024-01-24,Norte,Sombreros,Online,6,210514.56455430732,0.1,104,1263087.3873258438,1136778.6485932595
2024-01-25,Este,Zapatos,Tienda,40,164256.1719051245,0.0,79,6570246.876204981,6570246.876204981
2024-01-26,Norte,Sombreros,Online,43,265601.2631109957,0.0,3,11420854.313772814,11420854.313772814
2024-01-27,Este,Zapatos,Tienda,2,184241.2805057388,0.0,6,368482.5610114776,368482.5610114776
2024-01-27,Este,Zapatos,Distribuidor,29,103273.46321434411,0.0,144,2994930.4332159795,2994930.4332159795
2024-01-27,Oeste,Sombreros,Online,29,136599.30415780016,0.1,137,3961379.8205762045,3565241.838518584
2024-01-27,Este,Sombreros,Online,18,62516.199018471234,0.0,88,1125291.582332482,1125291.582332482
2024-01-28,Sur,Zapatos,Distribuidor,33,188293.72313585438,0.15,27,6213692.863483194,5281638.933960715
2024-01-28,Oeste,Zapatos,Tienda,21,190580.79363678084,0.0,118,4002196.666372398,4002196.666372398
2024-01-28,Sur,Zapatos,Online,22,178776.8645109051,0.0,22,3933091.0192399127,3933091.0192399127
2024-01-28,Sur,Zapatos,Distribuidor,22,253943.95195148693,0.1,57,5586766.942932713,5028090.248639442
2024-01-28,Oeste,Zapatos,Distribuidor,40,259925.99182583467,0.0,50,10397039.673033386,10397039.673033386
2024-01-29,Sur,Sombreros,Tienda,32,191480.57883219444,0.0,2,6127378.522630222,6127378.522630222
2024-01-30,Norte,Zapatos,Tienda,19,93265.3166261572,0.1,122,1772041.015896987,1594836.9143072884
2024-01-30,Sur,Vestidos,Online,46,230864.07902461293,0.0,77,10619747.635132195,10619747.635132195
2024-02-01,Oeste,Vestidos,Online,40,227768.01142542876,0.0,48,9110720.45701715,9110720.45701715
2024-02-01,Norte,Sombreros,Tienda,46,215469.57850784724,0.15,77,9911600.611360973,8424860.519656826
2024-02-02,Sur,Zapatos,Online,36,249073.98746540578,0.0,1,8966663.548754608,8966663.548754608
2024-02-02,Norte,Sombreros,Tienda,20,141758.595176948,0.0,66,2835171.90353896,2835171.90353896
2024-02-02,Este,Pantalones,Distribuidor,38,300437.7693092569,0.0,78,11416635.233751763,11416635.233751763
2024-02-02,Sur,Sombreros,Online,17,152028.6123429066,0.0,51,2584486.409829412,2584486.409829412
2024-02-03,Sur,Pantalones,Tienda,14,237461.14636004274,0.0,125,3324456.0490405983,3324456.0490405983
2024-02-04,Norte,Sombreros,Online,23,115632.61527933241,0.05,38,2659550.1514246454,2526572.643853413
2024-02-04,Este,Sombreros,Distribuidor,48,153486.76563649747,0.0,21,7367364.7505518785,7367364.7505518785
2024-02-04,Este,Zapatos,Online,28,275818.4323362668,0.05,80,7722916.10541547,7336770.300144696
2024-02-05,Oeste,Pantalones,Tienda,19,186955.0088499575,0.0,134,3552145.1681491924,3552145.1681491924
2024-02-05,Sur,Zapatos,Tienda,23,241996.1302566399,0.0,57,5565910.995902718,5565910.995902718
2024-02-06,Norte,Sombreros,Online,15,211847.7694359623,0.0,7,3177716.541539435,3177716.541539435
2024-02-06,Oeste,Pantalones,Tienda,33,194752.09219999137,0.05,146,6426819.042599715,6105478.090469729
2024-02-06,Este,Zapatos,Tienda,18,268192.5162466345,0.0,67,4827465.292439421,4827465.292439421
2024-02-07,Este,Sombreros,Tienda,28,188167.058767405,0.0,26,5268677.64548734,5268677.64548734
2024-02-07,Norte,Zapatos,Tienda,19,110963.09462182647,0.1,93,2108298.797814703,1897468.918033233
2024-02-07,Sur,Pantalones,Distribuidor,16,159837.99540241476,0.0,48,2557407.926438636,2557407.926438636
2024-02-08,Oeste,Zapatos,Online,48,227559.5864350847,0.0,141,10922860.148884065,10922860.148884065
2024-02-08,Oeste,Vestidos,Tienda,17,219775.4553181254,0.1,45,3736182.740408132,3362564.4663673188
2024-02-08,Sur,Zapatos,Online,4,121647.08748822809,0.0,83,486588.34995291237,486588.34995291237
2024-02-09,Oeste,Vestidos,Tienda,19,163782.87402958993,0.0,82,3111874.606562209,3111874.606562209
2024-02-10,Oeste,Pantalones,Tienda,27,170913.93253988767,0.0,37,4614676.178576967,4614676.178576967
2024-02-10,Sur,Sombreros,Online,5,181726.52029428876,0.0,75,908632.6014714438,908632.6014714438
2024-02-11,Oeste,Pantalones,Online,15,131204.32056992245,0.0,17,1968064.8085488367,1968064.8085488367
2024-02-11,Sur,Pantalones,Distribuidor,9,168581.44459402608,0.05,97,1517233.0013462347,1441371.351278923
2024-02-12,Norte,Vestidos,Online,25,163569.47573702363,0.0,114,4089236.893425591,4089236.893425591
2024-02-13,Este,Zapatos,Tienda,36,238576.66298809595,0.1,143,8588759.867571454,7729883.880814309
2024-02-13,Este,Sombreros,Online,48,240456.0655495122,0.1,49,11541891.146376586,10387702.031738928
2024-02-14,Norte,Zapatos,Distribuidor,20,192709.4770955592,0.05,43,3854189.5419111843,3661480.064815625
2024-02-14,Oeste,Sombreros,Online,43,180398.01020646343,0.05,83,7757114.438877927,7369258.716934031
2024-02-15,Norte,Zapatos,Online,11,206996.21560195566,0.05,104,2276958.3716215123,2163110.453040437
2024-02-15,Oeste,Sombreros,Distribuidor,39,159171.24462722125,0.15,149,6207678.540461629,5276526.759392384
2024-02-16,Norte,Sombreros,Distribuidor,28,142658.39589162794,0.0,4,3994435.084965582,3994435.084965582
2024-02-17,Oeste,Sombreros,Online,38,152988.93955371415,0.0,36,5813579.703041138,5813579.703041138
2024-02-17,Oeste,Sombreros,Online,38,168259.34180142716,0.0,40,6393854.988454232,6393854.988454232
2024-02-17,Oeste,Pantalones,Tienda,27,141826.31001038646,0.0,39,3829310.3702804344,3829310.3702804344
2024-02-17,Este,Pantalones,Distribuidor,13,208102.97795314374,0.0,70,2705338.7133908686,2705338.7133908686
2024-02-17,Sur,Sombreros,Online,26,236485.78368918542,0.05,131,6148630.375918821,5841198.85712288
2024-02-17,Este,Sombreros,Tienda,41,120645.08496008792,0.0,5,4946448.483363604,4946448.483363604
2024-02-17,Sur,Vestidos,Tienda,48,201256.43556080168,0.1,123,9660308.906918481,8694278.016226633
2024-02-18,Oeste,Zapatos,Tienda,46,189003.21023668323,0.0,93,8694147.67088743,8694147.67088743
2024-02-18,Este,Zapatos,Tienda,9,217075.43427684015,0.0,93,1953678.9084915614,1953678.9084915614
2024-02-18,Sur,Zapatos,Tienda,30,199353.0615948206,0.0,102,5980591.847844618,5980591.847844618
2024-02-19,Este,Sombreros,Online,6,127320.03600341846,0.0,18,763920.2160205108,763920.2160205108
2024-02-19,Este,Sombreros,Distribuidor,33,136880.53505714174,0.0,113,4517057.656885677,4517057.656885677
2024-02-20,Norte,Pantalones,Distribuidor,49,201471.17877924864,0.0,38,9872087.760183183,9872087.760183183
2024-02-20,Norte,Sombreros,Tienda,3,251439.04598727546,0.0,78,754317.1379618264,754317.1379618264
2024-02-20,Norte,Zapatos,Online,33,89290.63144784985,0.0,102,2946590.837779045,2946590.837779045
2024-02-20,Norte,Pantalones,Online,47,217286.328990079,0.0,91,10212457.462533712,10212457.462533712
2024-02-20,Sur,Pantalones,Tienda,42,259481.10026438214,0.0,49,10898206.21110405,10898206.21110405
2024-02-21,Este,Zapatos,Online,20,192348.70618968934,0.0,60,3846974.123793787,3846974.123793787
2024-02-21,Este,Zapatos,Distribuidor,6,227510.12480132203,0.0,72,1365060.7488079323,1365060.7488079323
2024-02-21,Sur,Zapatos,Online,46,164846.54595510988,0.0,7,7582941.113935054,7582941.113935054
2024-02-21,Oeste,Zapatos,Tienda,46,194031.69003615616,0.0,109,8925457.741663184,8925457.741663184
2024-02-22,Este,Zapatos,Distribuidor,29,118954.32408459242,0.0,15,3449675.39845318,3449675.39845318
2024-02-22,Norte,Vestidos,Online,48,82782.8345790563,0.05,69,3973576.0597947026,3774897.2568049673
2024-02-22,Oeste,Sombreros,Online,1,247138.29006126377,0.15,99,247138.29006126377,210067.5465520742
2024-02-22,Este,Zapatos,Tienda,31,150750.25361377792,0.1,13,4673257.862027116,4205932.075824405
2024-02-22,Este,Pantalones,Tienda,2,177223.6077498285,0.0,150,354447.215499657,354447.215499657
2024-02-23,Este,Sombreros,Online,46,130677.88733649034,0.0,57,6011182.817478555,6011182.817478555
2024-02-23,Este,Vestidos,Tienda,34,129501.5148458062,0.0,3,4403051.504757411,4403051.504757411
2024-02-23,Norte,Pantalones,Distribuidor,45,191308.1149952692,0.05,99,8608865.174787113,8178421.9160477575
2024-02-23,Este,Sombreros,Online,28,163521.14029321767,0.05,84,4578591.928210095,4349662.33179959
2024-02-23,Oeste,Zapatos,Online,5,218898.54989973494,0.1,97,1094492.7494986746,985043.4745488073
2024-02-23,Sur,Vestidos,Online,2,222626.9209489796,0.1,113,445253.8418979592,400728.45770816325
2024-02-23,Este,Pantalones,Online,17,216042.48231623037,0.0,72,3672722.1993759163,3672722.1993759163
2024-02-24,Norte,Vestidos,Online,37,211930.0395464222,0.05,125,7841411.463217622,7449340.8900567405
2024-02-24,Sur,Zapatos,Online,8,278888.41024659434,0.1,56,2231107.2819727547,2007996.5537754793
2024-02-26,Sur,Pantalones,Tienda,42,146620.3115477557,0.0,82,6158053.08500574,6158053.08500574
2024-02-27,Oeste,Sombreros,Online,12,197253.2566898541,0.1,24,2367039.0802782495,2130335.1722504245
2024-02-27,Norte,Zapatos,Distribuidor,25,256634.49102597946,0.0,93,6415862.275649486,6415862.275649486
2024-02-27,Sur,Sombreros,Online,10,263226.9904669018,0.15,40,2632269.904669018,2237429.4189686654
2024-02-27,Sur,Sombreros,Online,23,128911.81753277135,0.05,105,2964971.803253741,2816723.213091054
2024-02-27,Oeste,Zapatos,Tienda,23,184382.2279172065,0.0,121,4240791.24209575,4240791.24209575
2024-02-27,Oeste,Sombreros,Distribuidor,1,267906.05479336303,0.05,129,267906.05479336303,254510.75205369486
2024-02-28,Norte,Pantalones,Online,28,225403.95525995328,0.0,140,6311310.747278692,6311310.747278692
2024-02-28,Norte,Zapatos,Online,39,209763.15157398864,0.05,19,8180762.911385557,7771724.765816279
2024-02-29,Oeste,Sombreros,Online,46,189115.76532826715,0.05,21,8699325.205100289,8264358.944845274
2024-02-29,Norte,Sombreros,Tienda,17,180809.95371461273,0.05,139,3073769.2131484165,2920080.7524909955
2024-02-29,Oeste,Zapatos,Online,44,214410.9531545162,0.1,58,9434081.938798713,8490673.744918842
2024-02-29,Sur,Vestidos,Online,44,187381.29375077583,0.0,4,8244776.9250341365,8244776.9250341365
2024-03-01,Oeste,Pantalones,Online,49,197871.0689477778,0.0,44,9695682.378441112,9695682.378441112
2024-03-02,Sur,Zapatos,Online,19,203929.93530575186,0.0,126,3874668.7708092853,3874668.7708092853
2024-03-02,Sur,Vestidos,Distribuidor,42,166096.42357532505,0.0,54,6976049.790163652,6976049.790163652
2024-03-02,Este,Pantalones,Tienda,28,226606.46869407193,0.0,12,6344981.123434014,6344981.123434014
2024-03-02,Norte,Zapatos,Online,3,345712.232420771,0.0,109,1037136.697262313,1037136.697262313
2024-03-02,Este,Pantalones,Online,14,111150.66803369625,0.0,30,1556109.3524717474,1556109.3524717474
2024-03-03,Este,Zapatos,Online,33,216200.626209499,0.0,53,7134620.664913467,7134620.664913467
2024-03-03,Oeste,Vestidos,Online,8,161990.49556905474,0.1,1,1295923.964552438,1166331.5680971942
2024-03-03,Oeste,Sombreros,Tienda,22,228870.1288759625,0.0,91,5035142.835271175,5035142.835271175
2024-03-03,Este,Sombreros,Distribuidor,38,202327.87366639305,0.1,67,7688459.199322936,6919613.279390642
2024-03-04,Sur,Zapatos,Distribuidor,8,238092.73870212317,0.0,131,1904741.9096169854,1904741.9096169854
2024-03-05,Sur,Pantalones,Distribuidor,25,258775.32882543898,0.0,51,6469383.220635975,6469383.220635975
2024-03-05,Sur,Zapatos,Distribuidor,11,209621.05588840906,0.0,31,2305831.6147724995,2305831.6147724995
2024-03-06,Oeste,Zapatos,Distribuidor,27,256602.6144207089,0.0,25,6928270.589359141,6928270.589359141
2024-03-06,Sur,Zapatos,Online,12,82785.10531056613,0.0,31,993421.2637267935,993421.2637267935
2024-03-07,Norte,Pantalones,Online,48,279522.6148958012,0.0,68,13417085.514998456,13417085.514998456
2024-03-07,Sur,Zapatos,Online,4,218753.107594617,0.0,14,875012.430378468,875012.430378468
2024-03-08,Norte,Vestidos,Tienda,48,253892.1677872591,0.0,61,12186824.053788437,12186824.053788437
2024-03-08,Norte,Sombreros,Online,39,139006.21275792393,0.0,129,5421242.297559033,5421242.297559033
2024-03-09,Norte,Zapatos,Distribuidor,42,158461.5059197332,0.0,116,6655383.248628794,6655383.248628794
2024-03-10,Oeste,Zapatos,Tienda,42,207296.9147072387,0.1,96,8706470.417704025,7835823.375933623
2024-03-10,Este,Zapatos,Tienda,10,199148.10553312686,0.0,134,1991481.0553312686,1991481.0553312686
2024-03-11,Este,Sombreros,Online,46,214153.42940049947,0.15,118,9851057.752422975,8373399.089559529
2024-03-11,Sur,Pantalones,Online,30,254225.7580464983,0.05,98,7626772.741394948,7245434.1043252
2024-03-12,Este,Zapatos,Online,48,111738.98423485755,0.15,130,5363471.243273162,4558950.556782188
2024-03-12,Norte,Pantalones,Distribuidor,44,248690.95358586544,0.1,19,10942401.95777808,9848161.762000272
2024-03-13,Oeste,Zapatos,Tienda,29,200414.09549789634,0.0,123,5812008.769438994,5812008.769438994
2024-03-15,Este,Pantalones,Tienda,19,189810.9069437726,0.0,45,3606407.2319316794,3606407.2319316794
2024-03-15,Oeste,Vestidos,Online,6,126444.23828075548,0.0,110,758665.4296845329,758665.4296845329
2024-03-15,Norte,Pantalones,Online,5,225152.43341884325,0.1,137,1125762.1670942162,1013185.9503847946
2024-03-21,Sur,Sombreros,Online,20,79294.60744844814,0.0,75,1585892.1489689627,1585892.1489689627
2024-03-21,Este,Pantalones,Tienda,40,232419.70056193564,0.0,14,9296788.022477426,9296788.022477426
2024-03-21,Sur,Zapatos,Tienda,25,125394.7082263504,0.1,56,3134867.70565876,2821380.935092884
2024-03-22,Sur,Zapatos,Online,24,202672.8956308737,0.0,62,4864149.495140969,4864149.495140969
2024-03-22,Norte,Zapatos,Distribuidor,12,194041.55813360398,0.0,141,2328498.6976032476,2328498.6976032476
2024-03-22,Sur,Sombreros,Online,28,258476.90736469417,0.05,142,7237353.406211437,6875485.735900865
2024-03-24,Norte,Pantalones,Distribuidor,32,191067.2415493055,0.0,86,6114151.729577776,6114151.729577776
2024-03-24,Sur,Sombreros,Online,49,165293.07194271672,0.0,143,8099360.525193119,8099360.525193119
2024-03-24,Este,Pantalones,Online,36,174669.86520143985,0.1,66,6288115.147251835,5659303.632526652
2024-03-26,Este,Zapatos,Distribuidor,30,263644.13843773317,0.0,62,7909324.153131995,7909324.153131995
2024-03-26,Este,Pantalones,Online,45,226814.84845904468,0.0,126,10206668.18065701,10206668.18065701
2024-03-26,Sur,Zapatos,Online,21,180718.50092384193,0.0,101,3795088.5194006804,3795088.5194006804
2024-03-26,Oeste,Zapatos,Online,46,188177.67900177432,0.05,79,8656173.234081618,8223364.572377537
2024-03-27,Norte,Pantalones,Online,19,121641.14547072766,0.0,69,2311181.7639438254,2311181.7639438254
2024-03-28,Sur,Vestidos,Tienda,7,219423.71004257706,0.1,106,1535965.9702980395,1382369.3732682355
2024-03-28,Norte,Sombreros,Distribuidor,21,112009.21461522671,0.1,114,2352193.5069197607,2116974.1562277847
2024-03-28,Sur,Zapatos,Distribuidor,7,237589.8232917728,0.0,74,1663128.7630424097,1663128.7630424097
2024-03-29,Oeste,Sombreros,Online,6,206431.07962456328,0.0,5,1238586.4777473798,1238586.4777473798
2024-03-29,Sur,Zapatos,Tienda,44,319347.58997869614,0.0,16,14051293.95906263,14051293.95906263
2024-03-29,Oeste,Pantalones,Online,39,144993.2223137847,0.05,22,5654735.670237604,5371998.886725723
2024-03-29,,Pantalones,Online,11,194866.89544796836,0.0,70,2143535.849927652,2143535.849927652
2024-03-30,Este,Zapatos,Online,42,289914.38504615315,0.0,93,12176404.171938432,12176404.171938432
2024-03-30,Sur,Zapatos,Distribuidor,4,259569.48201457073,0.0,121,1038277.9280582829,1038277.9280582829
2024-03-30,Sur,Zapatos,Distribuidor,14,165189.397421005,0.15,35,2312651.56389407,1965753.8293099597
2024-03-30,Oeste,Vestidos,Tienda,35,211198.37141867238,0.0,118,7391942.999653533,7391942.999653533
2024-03-30,Oeste,Sombreros,Tienda,15,200099.96782075436,0.1,100,3001499.5173113155,2701349.565580184
2024-04-01,Sur,Pantalones,Online,36,214097.79336970786,0.0,8,7707520.561309483,7707520.561309483
2024-04-01,Oeste,Sombreros,Tienda,43,165065.97820075852,0.1,53,7097837.062632617,6388053.356369355
2024-04-01,Sur,Sombreros,Tienda,4,195533.97986496327,0.0,46,782135.9194598531,782135.9194598531
2024-04-01,Este,Zapatos,Online,2,120097.3812361643,0.0,133,240194.7624723286,240194.7624723286
2024-04-02,Oeste,Vestidos,Online,47,206756.1725934041,0.1,139,9717540.111889992,8745786.100700993
2024-04-02,Sur,Zapatos,Online,26,222501.0336710916,0.1,123,5785026.8754483815,5206524.187903544
2024-04-02,Este,Sombreros,Distribuidor,25,188629.0293678058,0.0,80,4715725.734195145,4715725.734195145
2024-04-02,Sur,Sombreros,Online,23,119247.45547076061,0.0,74,2742691.475827494,2742691.475827494
2024-04-03,Norte,Sombreros,Distribuidor,22,249426.59314257314,0.0,47,5487385.049136609,5487385.049136609
2024-04-04,Norte,Vestidos,Online,34,218226.2518996401,0.0,116,7419692.5645877635,7419692.5645877635
2024-04-04,Sur,Zapatos,Tienda,29,163699.24511495116,0.0,13,4747278.108333584,4747278.108333584
2024-04-05,Oeste,Sombreros,Online,9,185969.97765809682,0.1,41,1673729.7989228712,1506356.819030584
2024-04-05,Norte,Sombreros,Online,31,124966.52986090806,0.0,21,3873962.42568815,3873962.42568815
2024-04-05,Sur,Sombreros,Online,33,148729.4936111048,0.05,75,4908073.289166458,4662669.624708135
2024-04-05,Este,,Online,6,173109.43268214303,0.0,45,1038656.5960928581,1038656.5960928581
2024-04-05,Norte,Zapatos,Distribuidor,19,261421.04061400756,0.0,30,4966999.771666144,4966999.771666144
2024-04-06,Este,Zapatos,Online,39,168024.83045562622,0.05,57,6552968.3877694225,6225319.968380951
2024-04-06,Sur,Zapatos,Tienda,31,232010.68296643795,0.0,130,7192331.171959576,7192331.171959576
2024-04-07,Oeste,Sombreros,Online,7,173084.189856921,0.05,84,1211589.328998447,1151009.8625485245
2024-04-07,Este,Sombreros,Online,2,212397.37804259374,0.0,124,424794.7560851875,424794.7560851875
2024-04-08,Este,Sombreros,Tienda,29,192930.2248928099,0.1,138,5594976.521891487,5035478.869702338
2024-04-08,Norte,Sombreros,Online,23,243652.8300046372,0.05,136,5604015.090106655,5323814.335601322
2024-04-08,Sur,Sombreros,Distribuidor,48,173259.43308907212,0.1,53,8316452.788275462,7484807.5094479155
2024-04-08,Oeste,Zapatos,Distribuidor,26,121373.58749987796,0.0,132,3155713.274996827,3155713.274996827
2024-04-08,Norte,Sombreros,Tienda,46,130902.54843181837,0.0,137,6021517.227863645,6021517.227863645
2024-04-08,Oeste,Zapatos,Online,11,173406.12530286214,0.0,144,1907467.3783314836,1907467.3783314836
2024-04-08,Sur,Zapatos,Online,22,137547.00146609737,0.0,53,3026034.032254142,3026034.032254142
2024-04-08,Este,Sombreros,Distribuidor,7,220510.60078397757,0.0,35,1543574.205487843,1543574.205487843
2024-04-09,Este,Sombreros,Online,29,176711.59175709612,0.0,88,5124636.160955788,5124636.160955788
2024-04-10,Sur,Zapatos,Online,10,318730.32750132156,0.0,140,3187303.275013216,3187303.275013216
2024-04-10,Sur,Sombreros,Online,25,113114.2702431434,0.0,136,2827856.756078585,2827856.756078585
2024-04-10,Este,Sombreros,Tienda,17,210181.65893549006,0.0,86,3573088.201903331,3573088.201903331
2024-04-12,Norte,Pantalones,Tienda,10,143602.34882471655,0.0,23,1436023.4882471655,1436023.4882471655
2024-04-12,Este,Sombreros,Tienda,5,175329.93298086606,0.0,64,876649.6649043303,876649.6649043303
2024-04-12,Norte,Sombreros,Tienda,26,207070.9736670272,0.05,108,5383845.315342708,5114653.049575572
2024-04-12,Este,Zapatos,Online,47,83731.43125628566,0.0,85,3935377.269045426,3935377.269045426
2024-04-12,Este,Pantalones,Distribuidor,10,211841.30583940138,0.0,52,2118413.058394014,2118413.058394014
2024-04-13,Norte,Sombreros,Online,20,295145.3731137084,0.0,52,5902907.462274168,5902907.462274168
2024-04-13,Oeste,Sombreros,Tienda,12,177328.08508157037,0.05,9,2127937.0209788447,2021540.1699299023
2024-04-13,Sur,Sombreros,Online,40,212990.39284027548,0.0,44,8519615.71361102,8519615.71361102
2024-04-13,Oeste,Zapatos,Distribuidor,21,251246.08465626996,0.0,101,5276167.777781669,5276167.777781669
2024-04-13,Norte,Sombreros,Online,48,191802.32499865018,0.15,37,9206511.599935208,7825534.859944927
2024-04-13,Norte,Pantalones,Online,13,170951.99057342584,0.0,150,2222375.877454536,2222375.877454536
2024-04-13,Sur,Pantalones,Online,4,86213.17981391239,0.1,13,344852.71925564954,310367.4473300846
2024-04-15,Norte,,Online,29,232049.53596974866,0.05,89,6729436.543122711,6392964.715966575
2024-04-15,Sur,Sombreros,Online,32,194341.57951355513,0.0,75,6218930.544433764,6218930.544433764
2024-04-16,,Sombreros,Tienda,49,149365.8074305919,0.0,125,7318924.564099003,7318924.564099003
2024-04-17,Norte,Pantalones,Online,43,206329.83551388467,0.05,134,8872182.927097041,8428573.780742189
2024-04-17,Este,Zapatos,Distribuidor,44,170815.98215969093,0.15,82,7515903.215026401,6388517.732772441
2024-04-17,Norte,Pantalones,Online,32,173578.69344422373,0.0,95,5554518.190215159,5554518.190215159
2024-04-18,Norte,Sombreros,Tienda,18,230314.5578054354,0.0,105,4145662.0404978376,4145662.0404978376
2024-04-18,Este,Zapatos,Online,22,133080.87943380777,0.0,79,2927779.347543771,2927779.347543771
2024-04-19,Oeste,Zapatos,Tienda,7,252365.76430368793,0.0,28,1766560.3501258155,1766560.3501258155
2024-04-20,Norte,Pantalones,Tienda,22,130115.69184407982,0.05,65,2862545.220569756,2719417.959541268
2024-04-20,,Zapatos,Online,18,166864.9295822368,0.0,37,3003568.7324802624,3003568.7324802624
2024-04-20,Oeste,Zapatos,Distribuidor,2,296147.3097033289,0.05,70,592294.6194066578,562679.8884363249
2024-04-21,Oeste,Zapatos,Online,11,256367.73808212113,0.1,93,2820045.1189033324,2538040.6070129992
2024-04-21,Este,Zapatos,Online,27,204880.199624772,0.05,32,5531765.389868844,5255177.120375402
2024-04-22,Sur,Zapatos,Tienda,19,152973.48922493917,0.05,38,2906496.295273844,2761171.480510152
2024-04-22,Sur,Pantalones,Distribuidor,49,173536.38466500535,0.05,124,8503282.848585261,8078118.706155998
2024-04-22,Este,Zapatos,Online,24,203663.76572928482,0.1,57,4887930.377502835,4399137.339752552
2024-04-22,Este,Pantalones,Online,47,201876.16161697992,0.1,30,9488179.595998056,8539361.63639825
2024-04-22,Sur,Pantalones,Distribuidor,33,195456.45351870186,0.0,107,6450062.966117161,6450062.966117161
2024-04-22,Norte,Zapatos,Tienda,2,198458.3742957908,0.0,108,396916.7485915816,396916.7485915816
2024-04-23,Norte,Zapatos,Distribuidor,10,189281.2445147443,0.0,124,1892812.4451474429,1892812.4451474429
2024-04-23,Oeste,Sombreros,Tienda,35,127901.06321799936,0.1,114,4476537.212629978,4028883.49136698
2024-04-24,Sur,Zapatos,Tienda,27,174174.46289195836,0.05,149,4702710.498082876,4467574.973178732
2024-04-24,Sur,Zapatos,Online,15,245731.20269934234,0.0,87,3685968.040490135,3685968.040490135
2024-04-25,Sur,Vestidos,Distribuidor,26,131583.28512244413,0.0,44,3421165.413183547,3421165.413183547
2024-04-25,Oeste,Vestidos,Online,45,190522.22442303607,0.0,130,8573500.099036623,8573500.099036623
2024-04-25,Norte,Pantalones,Tienda,20,159012.3035614578,0.05,40,3180246.071229156,3021233.767667698
2024-04-25,Norte,Zapatos,Online,3,205567.52146990557,0.0,44,616702.5644097168,616702.5644097168
2024-04-25,Sur,Sombreros,Tienda,16,180568.3409466591,0.0,125,2889093.4551465455,2889093.4551465455
2024-04-26,Sur,Pantalones,Tienda,46,273869.68324873346,0.1,133,12598005.429441739,11338204.886497565
2024-04-26,Este,Zapatos,Tienda,38,225329.15770951268,0.05,51,8562507.992961481,8134382.593313407
2024-04-26,,Sombreros,Distribuidor,42,134409.84171113942,0.0,110,5645213.3518678555,5645213.3518678555
2024-04-26,Sur,Zapatos,Online,45,233561.40058068495,0.0,139,10510263.026130823,10510263.026130823
2024-04-27,Oeste,Zapatos,Tienda,6,161267.40718689686,0.15,120,967604.4431213811,822463.776653174
2024-04-27,Norte,Sombreros,Online,14,171150.18143112332,0.05,1,2396102.5400357265,2276297.41303394
2024-04-28,Este,Zapatos,Online,3,215690.9510053561,0.05,100,647072.8530160682,614719.2103652648
2024-04-29,Este,Zapatos,Online,1,175412.62901349325,0.0,26,175412.62901349325,175412.62901349325
2024-04-29,Sur,Pantalones,Online,41,244642.79081614775,0.0,127,10030354.423462057,10030354.423462057
2024-04-30,Oeste,Vestidos,Online,46,161274.49692433025,0.0,11,7418626.858519191,7418626.858519191
2024-04-30,Sur,Sombreros,Tienda,8,169052.67237043183,0.05,149,1352421.3789634546,1284800.310015282
2024-05-01,Oeste,Pantalones,Tienda,36,167181.45532259456,0.0,27,6018532.391613404,6018532.391613404
2024-05-01,Sur,Vestidos,Tienda,27,171718.06258224807,0.0,64,4636387.689720698,4636387.689720698
2024-05-02,Este,Zapatos,Online,4,254959.57777739066,0.05,36,1019838.3111095626,968846.3955540844
2024-05-02,Este,,Online,45,231439.81468051515,0.1,123,10414791.660623182,9373312.494560864
2024-05-03,Oeste,Zapatos,Online,43,285497.1977006036,0.05,60,12276379.501125954,11662560.526069656
2024-05-03,Sur,Zapatos,Tienda,28,313382.21019496274,0.0,112,8774701.885458957,8774701.885458957
2024-05-03,Sur,Pantalones,Distribuidor,35,148464.148403383,0.0,11,5196245.194118405,5196245.194118405
2024-05-03,Norte,Sombreros,Online,20,203520.95636636444,0.0,68,4070419.1273272885,4070419.1273272885
2024-05-03,Sur,Sombreros,Tienda,39,141189.98416782834,0.0,137,5506409.382545305,5506409.382545305
2024-05-04,Oeste,Zapatos,Online,22,161119.70361258666,0.0,140,3544633.4794769064,3544633.4794769064
2024-05-05,Norte,Zapatos,Online,49,168495.87448721653,0.0,32,8256297.84987361,8256297.84987361
2024-05-05,Oeste,Vestidos,Online,4,147142.25629308628,0.0,60,588569.0251723451,588569.0251723451
2024-05-06,Este,Zapatos,Online,9,147405.6363550793,0.1,62,1326650.7271957137,1193985.6544761423
2024-05-06,Norte,Zapatos,Tienda,48,192785.78107398725,0.15,85,9253717.491551388,7865659.86781868
2024-05-07,Sur,Zapatos,Distribuidor,15,139164.07908067966,0.0,81,2087461.1862101948,2087461.1862101948
2024-05-07,Este,Sombreros,Online,16,242106.34795688163,0.0,16,3873701.567310106,3873701.567310106
2024-05-07,Sur,Sombreros,Tienda,39,154112.3231291243,0.0,115,6010380.6020358475,6010380.6020358475
2024-05-07,Norte,Sombreros,Tienda,10,340478.44850481965,0.0,34,3404784.4850481963,3404784.4850481963
2024-05-07,Este,Zapatos,Distribuidor,26,177430.77745178025,0.0,48,4613200.213746286,4613200.213746286
2024-05-07,Este,Zapatos,Tienda,15,203600.8820958526,0.0,127,3054013.2314377893,3054013.2314377893
2024-05-08,Norte,Pantalones,Online,10,135232.94077669823,0.05,104,1352329.4077669824,1284712.9373786333
2024-05-08,Sur,Sombreros,Tienda,48,285304.587906382,0.0,60,13694620.219506335,13694620.219506335
2024-05-08,Norte,Sombreros,Online,10,255975.0340401458,0.1,137,2559750.340401458,2303775.3063613125
2024-05-08,Este,Sombreros,Distribuidor,5,214845.79353680564,0.0,60,1074228.9676840282,1074228.9676840282
2024-05-08,Este,Pantalones,Online,34,132659.8725610217,0.0,85,4510435.667074738,4510435.667074738
2024-05-08,Este,Zapatos,Tienda,43,210533.343886231,0.0,37,9052933.787107933,9052933.787107933
2024-05-08,Oeste,Zapatos,Online,7,143928.44769913726,0.0,28,1007499.1338939609,1007499.1338939609
2024-05-09,Oeste,Sombreros,Online,35,273117.76317366806,0.0,74,9559121.711078383,9559121.711078383
2024-05-09,Sur,Zapatos,Distribuidor,27,240459.73659265862,0.15,85,6492412.888001783,5518550.954801516
2024-05-09,Norte,Pantalones,Tienda,41,204771.9519243868,0.0,121,8395650.02889986,8395650.02889986
2024-05-09,Este,Sombreros,Online,7,78181.21683763388,0.0,59,547268.5178634372,547268.5178634372
2024-05-09,Oeste,Pantalones,Distribuidor,48,150829.20106704847,0.0,135,7239801.651218327,7239801.651218327
2024-05-09,Oeste,Pantalones,Distribuidor,31,234388.05657999363,0.0,92,7266029.753979802,7266029.753979802
2024-05-10,Norte,Sombreros,Online,42,260644.1845861578,0.0,11,10947055.752618628,10947055.752618628
2024-05-10,Norte,Vestidos,Tienda,18,255458.49057460658,0.0,111,4598252.830342919,4598252.830342919
2024-05-10,Norte,Sombreros,Online,47,120399.34988792724,0.1,87,5658769.44473258,5092892.500259322
2024-05-10,Norte,Pantalones,Tienda,31,215077.6153406452,0.0,59,6667406.075560001,6667406.075560001
2024-05-10,Este,Zapatos,Online,7,250775.76082414648,0.0,71,1755430.3257690254,1755430.3257690254
2024-05-11,Este,Sombreros,Online,46,117083.22172088774,0.05,46,5385828.199160836,5116536.7892027935
2024-05-11,Sur,Sombreros,Distribuidor,39,199604.77423133818,0.1,93,7784586.195022189,7006127.575519971
2024-05-11,Sur,Zapatos,Distribuidor,15,213692.1199154228,0.0,86,3205381.798731342,3205381.798731342
2024-05-13,Oeste,Zapatos,Distribuidor,27,184961.77075766327,0.0,68,4993967.810456908,4993967.810456908
2024-05-13,Sur,Vestidos,Distribuidor,20,107391.90722993993,0.0,43,2147838.1445987984,2147838.1445987984
2024-05-14,Oeste,Sombreros,Tienda,27,183715.09449631357,0.0,60,4960307.551400467,4960307.551400467
2024-05-14,Oeste,Zapatos,Tienda,48,183634.7284872488,0.0,75,8814466.967387943,8814466.967387943
2024-05-14,,,Tienda,45,192596.3797726123,0.05,71,8666837.089767553,8233495.2352791745
2024-05-14,Norte,Zapatos,Online,11,171826.4287287465,0.0,47,1890090.7160162115,1890090.7160162115
2024-05-15,Oeste,Zapatos,Online,48,177849.39233792663,0.05,88,8536770.832220478,8109932.290609454
2024-05-15,Este,Vestidos,Online,22,198014.6858826511,0.0,34,4356323.089418325,4356323.089418325
2024-05-15,Sur,Sombreros,Tienda,35,222122.73024848555,0.1,76,7774295.558696995,6996866.002827295
2024-05-16,Este,Zapatos,Online,38,184778.66185716665,0.1,19,7021589.150572333,6319430.235515099
2024-05-16,Este,Sombreros,Online,24,179517.5535815999,0.0,71,4308421.285958398,4308421.285958398
2024-05-16,Oeste,Zapatos,Tienda,23,204617.7019127229,0.0,118,4706207.143992627,4706207.143992627
2024-05-16,Sur,Zapatos,Online,23,103954.20370524093,0.0,123,2390946.6852205414,2390946.6852205414
2024-05-18,Oeste,Pantalones,Online,43,223851.7563613229,0.1,105,9625625.523536885,8663062.971183198
2024-05-18,Oeste,Sombreros,Distribuidor,19,199971.84514385206,0.0,112,3799465.0577331893,3799465.0577331893
2024-05-19,Norte,Vestidos,Distribuidor,14,201984.6763298781,0.0,10,2827785.4686182933,2827785.4686182933
2024-05-19,,Sombreros,Online,18,248036.7153797232,0.0,52,4464660.876835017,4464660.876835017
2024-05-21,Este,Sombreros,Online,10,102359.22349758759,0.05,99,1023592.2349758759,972412.6232270821
2024-05-21,Norte,Pantalones,Online,20,101308.30650705182,0.0,121,2026166.1301410364,2026166.1301410364
2024-05-21,Sur,Vestidos,Tienda,6,213690.192266176,0.0,88,1282141.153597056,1282141.153597056
2024-05-22,Sur,Pantalones,Distribuidor,5,199644.1572435742,0.15,129,998220.7862178711,848487.6682851905
2024-05-22,Oeste,Vestidos,Online,36,208508.84715959663,0.0,41,7506318.4977454785,7506318.4977454785
2024-05-23,Oeste,Pantalones,Tienda,4,176893.64624137772,0.1,24,707574.5849655109,636817.1264689598
2024-05-23,Norte,Pantalones,Online,28,233217.68371199656,0.0,13,6530095.143935904,6530095.143935904
2024-05-23,Oeste,Zapatos,Online,39,246631.942149556,0.0,88,9618645.743832685,9618645.743832685
2024-05-23,Norte,Pantalones,Distribuidor,36,224199.11469757635,0.1,100,8071168.129112748,7264051.316201474
2024-05-24,Este,Sombreros,Online,22,186958.57707977085,0.05,43,4113088.695754959,3907434.260967211
2024-05-24,Oeste,Sombreros,Online,10,94615.53061927986,0.05,118,946155.3061927985,898847.5408831586
2024-05-24,Oeste,Sombreros,Online,46,238461.8104018564,0.0,111,10969243.278485395,10969243.278485395
2024-05-25,Norte,Vestidos,Tienda,41,261086.43331087963,0.0,55,10704543.765746064,10704543.765746064
2024-05-25,Oeste,Vestidos,Distribuidor,30,232227.92059919902,0.0,36,6966837.617975971,6966837.617975971
2024-05-26,Norte,Zapatos,Distribuidor,5,156017.87863162468,0.0,112,780089.3931581234,780089.3931581234
2024-05-26,Este,Pantalones,Online,2,233689.7196833879,0.0,101,467379.4393667758,467379.4393667758
2024-05-26,Sur,Pantalones,Online,16,243026.48539807228,0.0,26,3888423.7663691565,3888423.7663691565
2024-05-26,Sur,Zapatos,Tienda,8,277940.8123899543,0.0,39,2223526.4991196343,2223526.4991196343
2024-05-26,Norte,Zapatos,Online,43,156194.50378860213,0.0,73,6716363.662909891,6716363.662909891
2024-05-26,Oeste,Zapatos,Distribuidor,11,188677.27077279307,0.0,77,2075449.9785007238,2075449.9785007238
2024-05-27,Sur,Pantalones,Tienda,14,237363.60255717277,0.0,25,3323090.4358004187,3323090.4358004187
2024-05-27,Este,Sombreros,Online,48,202870.5035719079,0.1,143,9737784.17145158,8764005.754306423
2024-05-27,Sur,Vestidos,Distribuidor,41,144133.61989743626,0.05,59,5909478.415794887,5614004.495005142
2024-05-27,Sur,Sombreros,Online,11,220730.81425133516,0.0,58,2428038.956764687,2428038.956764687
2024-05-29,Oeste,Vestidos,Online,19,228933.08169075832,0.05,10,4349728.552124408,4132242.1245181873
2024-05-29,Norte,Sombreros,Tienda,26,204398.1448165501,0.1,132,5314351.765230303,4782916.588707273
2024-05-30,Este,Pantalones,Tienda,33,210979.24635899722,0.0,36,6962315.129846908,6962315.129846908
2024-05-30,Este,Zapatos,Tienda,46,187064.7049157135,0.0,149,8604976.42612282,8604976.42612282
2024-05-30,Sur,Sombreros,Tienda,43,273913.94678580295,0.0,75,11778299.711789526,11778299.711789526
2024-05-30,Sur,Pantalones,Distribuidor,48,154965.39081436617,0.0,132,7438338.759089576,7438338.759089576
2024-05-31,Norte,Vestidos,Distribuidor,2,170633.96186181105,0.05,27,341267.9237236221,324204.527537441
2024-05-31,Oeste,Pantalones,Tienda,12,200549.27567637627,0.15,25,2406591.308116515,2045602.6118990378
2024-05-31,Oeste,Zapatos,Online,28,243947.70138504464,0.0,121,6830535.6387812495,6830535.6387812495
2024-05-31,Norte,Zapatos,Tienda,3,125131.34149527317,0.05,123,375394.0244858195,356624.3232615285
2024-05-31,Norte,Zapatos,Distribuidor,18,134485.16251172803,0.0,82,2420732.9252111046,2420732.9252111046
2024-06-01,Norte,Zapatos,Online,8,98113.5746132641,0.0,5,784908.5969061129,784908.5969061129
2024-06-01,Norte,Sombreros,Online,46,201634.76126266355,0.05,142,9275199.018082524,8811439.067178397
2024-06-01,Oeste,Pantalones,Online,4,144084.7091396728,0.0,59,576338.8365586912,576338.8365586912
2024-06-02,Oeste,Pantalones,Online,8,180772.49449910416,0.0,141,1446179.9559928332,1446179.9559928332
2024-06-03,Norte,Pantalones,Tienda,10,233068.90949458542,0.0,131,2330689.094945854,2330689.094945854
2024-06-03,Este,Pantalones,Online,8,167922.86396085768,0.15,128,1343382.9116868614,1141875.4749338322
2024-06-05,Norte,Pantalones,Tienda,28,211564.10113716824,0.0,104,5923794.831840711,5923794.831840711
2024-06-06,Sur,Zapatos,Distribuidor,18,185033.1046124139,0.0,101,3330595.88302345,3330595.88302345
2024-06-06,Este,Zapatos,Distribuidor,45,233605.71575482184,0.0,80,10512257.208966983,10512257.208966983
2024-06-06,Este,Sombreros,Online,13,223756.40336740043,0.0,4,2908833.2437762055,2908833.2437762055
2024-06-06,Oeste,Pantalones,Online,27,165403.3151912695,0.0,59,4465889.510164277,4465889.510164277
2024-06-07,Norte,Zapatos,Tienda,33,191567.41232997738,0.05,110,6321724.6068892535,6005638.37654479
2024-06-08,Norte,Sombreros,Distribuidor,31,252187.16988602473,0.05,122,7817802.266466767,7426912.153143428
2024-06-08,,Sombreros,Online,40,219668.84351270486,0.1,84,8786753.740508195,7908078.366457376
2024-06-08,Sur,Zapatos,Distribuidor,10,130151.89711244343,0.1,107,1301518.9711244344,1171367.074011991
2024-06-08,Oeste,Sombreros,Online,25,232780.90305856912,0.0,4,5819522.576464228,5819522.576464228
2024-06-08,Oeste,Pantalones,Distribuidor,40,145769.46887818808,0.0,71,5830778.755127523,5830778.755127523
2024-06-08,Sur,Sombreros,Online,43,270625.6534980503,0.0,77,11636903.100416163,11636903.100416163
2024-06-09,Oeste,Zapatos,Online,31,251204.94199205126,0.0,134,7787353.201753589,7787353.201753589
2024-06-09,Sur,Pantalones,Tienda,32,214494.27379592005,0.1,47,6863816.7614694415,6177435.085322497
2024-06-09,Este,Zapatos,Online,43,207861.64217180968,0.05,35,8938050.613387816,8491148.082718424
2024-06-09,Sur,Pantalones,Online,31,189548.387198629,0.15,53,5876000.003157499,4994600.002683874
2024-06-09,Norte,Zapatos,Online,47,233926.19757000142,0.0,26,10994531.285790067,10994531.285790067
2024-06-09,Oeste,,Online,7,181461.09152689693,0.0,84,1270227.6406882785,1270227.6406882785
2024-06-10,Norte,Zapatos,Tienda,18,211778.4935319947,0.0,97,3812012.8835759046,3812012.8835759046
2024-06-10,Norte,Zapatos,Online,6,243596.71832597256,0.0,121,1461580.3099558353,1461580.3099558353
2024-06-11,Norte,Pantalones,Tienda,5,171909.67282372052,0.0,146,859548.3641186026,859548.3641186026
2024-06-11,Sur,Zapatos,Distribuidor,24,169190.36300046527,0.0,12,4060568.7120111664,4060568.7120111664
2024-06-11,Norte,Zapatos,Online,12,140281.72596377705,0.0,38,1683380.7115653246,1683380.7115653246
2024-06-12,Norte,Zapatos,Online,20,146776.3626936914,0.1,46,2935527.253873828,2641974.528486445
2024-06-12,Este,Pantalones,Distribuidor,22,108580.23442792488,0.0,38,2388765.1574143474,2388765.1574143474
2024-06-12,Oeste,Pantalones,Distribuidor,31,236491.4394507765,0.0,125,7331234.622974072,7331234.622974072
2024-06-13,Norte,Vestidos,Tienda,47,290445.7271041385,0.05,21,13650949.173894512,12968401.715199785
2024-06-14,Sur,Zapatos,Distribuidor,42,271266.4471735153,0.0,5,11393190.781287642,11393190.781287642
2024-06-15,Este,Sombreros,Online,19,118695.77556867417,0.1,130,2255219.7358048093,2029697.7622243285
2024-06-16,Oeste,,Online,16,236242.73357781,0.05,145,3779883.73724496,3590889.550382712
2024-06-16,Este,Sombreros,Tienda,38,271105.31749617786,0.0,34,10302002.064854758,10302002.064854758
2024-06-17,Oeste,Vestidos,Online,7,177159.5009630668,0.05,50,1240116.5067414676,1178110.681404394
2024-06-18,Este,Pantalones,Tienda,27,205072.37153250247,0.05,76,5536954.031377567,5260106.329808689
2024-06-18,Sur,Sombreros,Tienda,21,99605.34745976648,0.05,79,2091712.2966550959,1987126.681822341
2024-06-18,Norte,Zapatos,Tienda,9,213336.80839883207,0.1,149,1920031.2755894887,1728028.1480305397
2024-06-18,Oeste,Vestidos,Online,31,146822.01352826413,0.05,61,4551482.419376188,4323908.298407379
2024-06-19,Oeste,Sombreros,Online,16,209981.75089557574,0.0,2,3359708.014329212,3359708.014329212
2024-06-20,Norte,Zapatos,Online,10,121939.85389055598,0.0,64,1219398.5389055598,1219398.5389055598
2024-06-20,Este,Zapatos,Online,33,227142.91122387978,0.05,84,7495716.070388033,7120930.266868631
2024-06-20,Norte,Zapatos,Tienda,9,251225.63377133448,0.15,78,2261030.70394201,1921876.0983507086
2024-06-20,Este,Zapatos,Online,33,160841.00691424162,0.0,77,5307753.228169973,5307753.228169973
2024-06-20,Oeste,Zapatos,Online,8,143153.87092947826,0.05,139,1145230.967435826,1087969.4190640347
2024-06-21,Norte,Sombreros,Online,22,92198.84787250095,0.0,122,2028374.6531950207,2028374.6531950207
2024-06-22,,Sombreros,Online,40,186679.32329624114,0.05,38,7467172.931849645,7093814.2852571625
2024-06-23,Norte,Zapatos,Distribuidor,12,170920.30328591974,0.15,54,2051043.639431037,1743387.0935163815
2024-06-23,Este,Sombreros,Online,38,122449.02938259726,0.0,101,4653063.116538696,4653063.116538696
2024-06-23,Oeste,Vestidos,Distribuidor,36,222650.93781560857,0.0,62,8015433.761361908,8015433.761361908
2024-06-23,Norte,Pantalones,Online,45,177501.48090676754,0.0,65,7987566.640804539,7987566.640804539
2024-06-24,Sur,Sombreros,Tienda,9,146213.20206773837,0.0,26,1315918.8186096454,1315918.8186096454
2024-06-24,Oeste,Zapatos,Online,36,172271.37971797766,0.0,39,6201769.669847196,6201769.669847196
2024-06-26,Sur,Pantalones,Online,46,253565.22694648078,0.0,112,11664000.439538116,11664000.439538116
2024-06-27,Norte,Zapatos,Distribuidor,38,230146.8471877611,0.0,127,8745580.193134923,8745580.193134923
2024-06-28,Sur,Zapatos,Distribuidor,10,193498.69692507552,0.0,118,1934986.9692507552,1934986.9692507552
2024-06-28,Este,Vestidos,Distribuidor,41,230955.25092324262,0.0,47,9469165.287852947,9469165.287852947
2024-06-28,Este,Sombreros,Online,6,141954.40218066305,0.05,21,851726.4130839782,809140.0924297792
2024-06-29,Sur,Pantalones,Online,29,201618.50503635153,0.05,24,5846936.646054194,5554589.813751484
2024-06-30,Oeste,Sombreros,Tienda,25,207366.11652432353,0.05,60,5184152.913108088,4924945.267452683
2024-07-01,Este,Sombreros,Online,27,176508.17457506366,0.05,78,4765720.713526719,4527434.677850383
2024-07-01,Sur,Zapatos,Tienda,26,221772.9167978709,0.05,134,5766095.836744643,5477791.044907411
2024-07-02,Oeste,Zapatos,Tienda,2,160978.32726777744,0.0,135,321956.6545355549,321956.6545355549
2024-07-02,Oeste,Zapatos,Tienda,25,225491.0353888059,0.05,1,5637275.884720148,5355412.0904841395
2024-07-03,Sur,Zapatos,Distribuidor,46,227592.9385765646,0.0,107,10469275.174521971,10469275.174521971
2024-07-03,,Pantalones,Tienda,22,54142.0059651467,0.0,45,1191124.1312332274,1191124.1312332274
2024-07-04,Este,Zapatos,Online,14,259515.28517550588,0.0,30,3633213.9924570825,3633213.9924570825
2024-07-04,Este,Sombreros,Online,49,47618.371732362284,0.1,84,2333300.2148857517,2099970.1933971765
2024-07-05,Norte,Pantalones,Tienda,5,169197.54872219375,0.05,6,845987.7436109688,803688.3564304203
2024-07-05,Este,Pantalones,Online,24,251267.40171288775,0.0,51,6030417.641109306,6030417.641109306
2024-07-05,Oeste,Sombreros,Online,26,184135.66373737797,0.0,83,4787527.257171827,4787527.257171827
2024-07-05,Norte,Sombreros,Online,24,126690.7008765229,0.0,41,3040576.8210365493,3040576.8210365493
2024-07-05,Este,Vestidos,Tienda,46,145313.14691416646,0.05,90,6684404.758051657,6350184.520149074
2024-07-06,Norte,Sombreros,Distribuidor,21,251345.287316031,0.1,70,5278251.033636651,4750425.930272986
2024-07-06,Este,Pantalones,Tienda,48,103924.7734725681,0.0,120,4988389.126683269,4988389.126683269
2024-07-06,Sur,Vestidos,Online,4,256449.55504810085,0.0,28,1025798.2201924034,1025798.2201924034
2024-07-06,Norte,Pantalones,Online,36,197244.89504788554,0.0,9,7100816.22172388,7100816.22172388
2024-07-06,Oeste,Zapatos,Tienda,30,140380.23347787833,0.0,80,4211407.00433635,4211407.00433635
2024-07-06,Norte,Sombreros,Online,12,170844.24638486543,0.1,39,2050130.9566183852,1845117.8609565466
2024-07-07,Este,Zapatos,Tienda,12,149138.78294491794,0.05,107,1789665.3953390154,1700182.1255720647
2024-07-07,Norte,Sombreros,Tienda,36,243311.2600429264,0.0,14,8759205.36154535,8759205.36154535
2024-07-08,Oeste,Vestidos,Online,32,236621.39048814191,0.0,87,7571884.495620541,7571884.495620541
2024-07-08,Este,Sombreros,Online,30,114041.94330619767,0.0,149,3421258.2991859303,3421258.2991859303
2024-07-08,Oeste,Sombreros,Online,3,179820.3940740333,0.0,14,539461.1822221,539461.1822221
2024-07-08,Sur,,Distribuidor,30,156840.71688278613,0.0,46,4705221.506483584,4705221.506483584
2024-07-08,Sur,Vestidos,Tienda,49,264675.4984229685,0.0,127,12969099.422725456,12969099.422725456
2024-07-08,Este,Zapatos,Online,1,132495.04409367894,0.1,81,132495.04409367894,119245.53968431105
2024-07-08,Oeste,Zapatos,Distribuidor,23,280211.4552342507,0.0,27,6444863.470387766,6444863.470387766
2024-07-08,Oeste,Zapatos,Online,25,198335.26302415313,0.0,32,4958381.575603828,4958381.575603828
2024-07-08,Norte,Zapatos,Online,44,141903.27968099562,0.0,115,6243744.305963807,6243744.305963807
2024-07-09,Este,Sombreros,Distribuidor,14,166136.2907995361,0.0,130,2325908.0711935055,2325908.0711935055
2024-07-09,Norte,Sombreros,Online,24,159919.05796157746,0.1,55,3838057.3910778593,3454251.6519700736
2024-07-09,Sur,Zapatos,Online,36,136269.0798992247,0.0,72,4905686.876372089,4905686.876372089
2024-07-10,Oeste,Zapatos,Tienda,3,204741.34298651878,0.05,118,614224.0289595564,583512.8275115786
2024-07-10,Sur,Zapatos,Online,40,138604.22246540783,0.1,27,5544168.898616313,4989752.008754682
2024-07-10,Oeste,Zapatos,Tienda,41,90981.68956309056,0.0,31,3730249.272086713,3730249.272086713
2024-07-11,Sur,Zapatos,Online,36,181016.17645759135,0.05,117,6516582.352473289,6190753.234849624
2024-07-12,Norte,Sombreros,Online,32,109857.19017910586,0.15,28,3515430.0857313876,2988115.5728716794
2024-07-12,Sur,Zapatos,Online,37,162391.956596624,0.0,116,6008502.394075087,6008502.394075087
2024-07-13,Este,Zapatos,Online,39,154544.8555698322,0.0,75,6027249.367223456,6027249.367223456
2024-07-13,Oeste,Zapatos,Online,45,156439.1963987093,0.1,149,7039763.837941918,6335787.454147726
2024-07-14,Este,Sombreros,Online,21,300048.1550795077,0.1,5,6301011.256669661,5670910.131002695
2024-07-15,Oeste,Zapatos,Distribuidor,23,202820.57835847852,0.0,142,4664873.302245006,4664873.302245006
2024-07-15,Oeste,Zapatos,Online,32,212268.5504497666,0.0,34,6792593.614392531,6792593.614392531
2024-07-16,Oeste,Pantalones,Online,10,111180.08518288528,0.0,6,1111800.8518288527,1111800.8518288527
2024-07-16,Este,Zapatos,Online,42,167301.8433181539,0.1,109,7026677.419362464,6324009.677426218
2024-07-16,Sur,Sombreros,Online,38,210765.1314970756,0.0,80,8009074.996888873,8009074.996888873
2024-07-17,Sur,,Online,31,148773.55435434968,0.0,126,4611980.1849848395,4611980.1849848395
2024-07-17,Norte,Zapatos,Tienda,15,245403.14217589927,0.05,17,3681047.132638489,3496994.7760065645
2024-07-18,Sur,Sombreros,Online,18,139865.17070494848,0.15,13,2517573.0726890727,2139937.1117857117
2024-07-18,Oeste,Pantalones,Distribuidor,22,185681.6932067412,0.1,86,4084997.250548307,3676497.525493476
2024-07-18,Sur,Pantalones,Distribuidor,33,170697.41800122207,0.0,133,5633014.794040329,5633014.794040329
